city_id,city,cloudiness,country,date,humidity,lat,lng,max_temp,wind_speed
0,Zharkent,0,KZ,1619124541,45,44.1628,80.0,277.08,4.79
1,Udachny,97,RU,1619124542,91,66.4167,112.4,268.6,9.87
2,College,1,US,1619124543,34,64.8569,-147.8028,283.71,4.12
3,Belaya Gora,85,RU,1619124545,89,68.5333,146.4167,259.18,1.25
4,Minudasht,97,IR,1619124546,68,37.2289,55.3747,291.89,2.4
5,Severo-Kuril'sk,67,RU,1619124548,95,50.6789,156.125,274.63,2.18
6,Bandarbeyla,32,SO,1619124549,75,9.4942,50.8122,301.21,2.55
7,Albany,88,US,1619124423,33,42.6001,-73.9662,278.71,1.79
8,Waitati,100,NZ,1619124304,91,-45.75,170.5667,285.93,2.68
9,Mahébourg,75,MU,1619124553,94,-20.4081,57.7,298.15,3.09
10,Torbay,90,CA,1619124555,75,47.6666,-52.7314,278.71,7.2
11,Mataura,96,NZ,1619124556,98,-46.1927,168.8643,280.93,1.34
12,Bluff,100,NZ,1619124521,98,-46.6,168.3333,280.93,1.34
13,Vilyuysk,100,RU,1619124559,92,63.7553,121.6247,270.43,4.89
14,Butaritari,56,KI,1619124544,74,3.0707,172.7902,301.24,5.02
15,Maralal,100,KE,1619124561,81,1.0968,36.698,289.36,2.77
16,Gainesville,1,US,1619124490,35,29.6516,-82.3248,297.59,2.06
17,Le Port,90,RE,1619124564,78,-20.9373,55.2919,297.15,6.17
18,Marsá Maţrūḩ,0,EG,1619124566,72,31.3525,27.2453,289.15,3.6
19,Mackay,90,AU,1619124567,88,-21.15,149.2,293.15,2.06
20,Bredasdorp,2,ZA,1619124521,94,-34.5322,20.0403,287.15,1.54
21,Dikson,100,RU,1619124570,90,73.5069,80.5464,271.59,10.4
22,Ushuaia,75,AR,1619124303,87,-54.8,-68.3,280.15,2.57
23,Hasaki,20,JP,1619124572,76,35.7333,140.8333,281.15,5.66
24,Hobart,75,AU,1619124574,58,-42.8794,147.3294,284.15,3.09
25,Egvekinot,6,RU,1619124575,62,66.3167,-179.1667,271.2,0.82
26,East London,96,ZA,1619124576,79,-33.0153,27.9116,293.25,5.5
27,Kapaa,40,US,1619124578,83,22.0752,-159.319,298.71,4.12
28,Punta Arenas,75,CL,1619124511,81,-53.15,-70.9167,282.15,3.09
29,Kismayo,100,SO,1619124581,78,-0.3582,42.5454,300.9,5.33
30,Baykit,100,RU,1619124582,94,61.67,96.37,268.73,1.91
31,Genhe,90,CN,1619124583,58,50.7833,121.5167,272.34,3.57
32,Saint Paul Harbor,90,US,1619124568,87,57.79,-152.4072,279.15,6.69
33,Bengkulu,82,ID,1619124586,88,-3.8004,102.2655,296.45,1.58
34,Laguna,1,US,1619124587,48,38.421,-121.4238,296.48,4.12
35,Thompson,90,CA,1619124589,74,55.7435,-97.8558,269.15,7.2
36,Leh,91,IN,1619124590,67,34.1667,77.5833,268.69,2.49
37,Port Alfred,75,ZA,1619124574,77,-33.5906,26.891,293.41,8.52
38,Puerto Ayora,20,EC,1619124593,70,-0.7393,-90.3518,302.15,8.23
39,Gohadi,1,IN,1619124594,29,26.4261,78.4447,299.33,3.59
40,Broome,100,US,1619124596,65,42.2506,-75.833,277.04,2.68
41,Airai,31,TL,1619124597,86,-8.9266,125.4092,287.13,0.92
42,Rocha,23,UY,1619124599,78,-34.4833,-54.3333,291.49,3.47
43,Langsa,100,ID,1619124600,94,4.4683,97.9683,296.35,0.9
44,Avarua,90,CK,1619124602,94,-21.2078,-159.775,297.15,7.72
45,Hermanus,0,ZA,1619124603,78,-34.4187,19.2345,293.71,0.45
46,Karasjok,0,NO,1619124605,69,69.4719,25.5112,272.15,2.06
47,Upernavik,99,GL,1619124606,84,72.7868,-56.1549,270.67,3.33
48,Carupano,13,VE,1619124608,67,10.6678,-63.2585,301.14,7.42
49,Bosaso,0,SO,1619124485,72,11.2842,49.1816,301.27,1.57
50,Juneau,1,US,1619124311,31,58.3019,-134.4197,282.15,4.63
51,Chimbote,11,PE,1619124611,75,-9.0853,-78.5783,294.98,4.81
52,Puerto Escondido,40,MX,1619124345,74,15.85,-97.0667,303.15,3.6
53,Chui,13,UY,1619124546,75,-33.6971,-53.4616,292.63,5.85
54,Pombas,40,CV,1619124615,68,17.1503,-25.0201,295.15,11.32
55,Bambous Virieux,75,MU,1619124617,94,-20.3428,57.7575,298.15,3.09
56,Bektemir,0,UZ,1619124618,82,41.2097,69.3342,284.15,2.06
57,Caravelas,99,BR,1619124620,82,-17.7125,-39.2481,297.06,2.65
58,Hilo,40,US,1619124621,57,19.7297,-155.09,300.15,4.12
59,Saint Anthony,1,US,1619124623,20,45.0205,-93.218,291.15,5.66
60,Omboué,100,GA,1619124624,94,-1.5746,9.2618,297.18,2.69
61,Rikitea,75,PF,1619124611,75,-23.1203,-134.9692,298.69,7.99
62,Ondangwa,21,NA,1619124627,49,-17.9167,15.95,296.15,1.54
63,Pevek,39,RU,1619124628,70,69.7008,170.3133,266.26,5.02
64,Vaini,20,TO,1619124630,83,-21.2,-175.2,300.15,1.03
65,Fuyang,64,CN,1619124631,93,32.9,115.8167,285.41,2.73
66,São Filipe,44,CV,1619124633,71,14.8961,-24.4956,296.06,4.94
67,Saskylakh,100,RU,1619124548,97,71.9167,114.0833,257.8,2.42
68,Alberton,60,CA,1619124635,87,46.8168,-64.0654,277.15,12.35
69,Pangnirtung,75,CA,1619124366,86,66.1451,-65.7125,267.15,3.09
70,Cape Town,0,ZA,1619124606,88,-33.9258,18.4232,290.93,4.12
71,Talara,0,PE,1619124640,54,-4.5772,-81.2719,303.15,7.2
72,Coyhaique,75,CL,1619124582,66,-45.5752,-72.0662,284.15,1.54
73,Prince Rupert,1,CA,1619124642,54,54.3161,-130.3201,285.15,2.57
74,Nur-Sultan,0,KZ,1619124404,86,51.1801,71.446,268.15,2.0
75,Kenai,1,US,1619124645,53,60.5544,-151.2583,282.15,4.63
76,Jamestown,90,US,1619124501,51,42.097,-79.2353,276.48,6.17
77,Busselton,98,AU,1619124539,82,-33.65,115.3333,287.04,0.89
78,El Alto,0,PE,1619124649,54,-4.2714,-81.2147,303.15,7.2
79,Mar del Plata,75,AR,1619124650,73,-38.0023,-57.5575,295.15,4.63
80,Castro,100,BR,1619124652,81,-24.7911,-50.0119,288.45,1.35
81,Ixtapa,75,MX,1619124653,74,20.7,-105.2,300.15,6.69
82,Longyearbyen,75,SJ,1619124562,62,78.2186,15.6401,265.15,2.06
83,Contamana,94,PE,1619124656,62,-7.3333,-75.0167,302.82,1.62
84,Pacifica,75,US,1619124657,93,37.6138,-122.4869,288.15,3.09
85,Kudahuvadhoo,88,MV,1619124659,70,2.6708,72.8944,301.34,5.3
86,Provideniya,0,RU,1619124595,56,64.3833,-173.3,276.15,5.0
87,Port Elizabeth,40,ZA,1619124618,94,-33.918,25.5701,291.15,6.69
88,Paamiut,50,GL,1619124663,82,61.994,-49.6678,274.35,1.77
89,Tomatlán,96,MX,1619124664,27,19.9333,-105.25,306.3,4.88
90,Dukat,100,RU,1619124665,99,62.55,155.55,264.43,2.28
91,Arraial do Cabo,20,BR,1619124459,88,-22.9661,-42.0278,296.15,8.23
92,Esperance,99,AU,1619124668,94,-33.8667,121.9,285.15,3.6
93,Bathsheba,40,BB,1619124670,57,13.2167,-59.5167,301.15,8.23
94,Olean,90,US,1619124671,59,42.0776,-78.4297,276.15,5.14
95,Kindu,62,CD,1619124673,92,-2.95,25.95,295.2,1.27
96,Athabasca,68,CA,1619124674,59,54.7169,-113.2854,273.15,6.17
97,Aykhal,99,RU,1619124676,94,66.0,111.5,267.94,11.38
98,Tura,70,IN,1619124677,65,25.5198,90.2201,294.2,0.4
99,Dinguiraye,100,GN,1619124679,53,11.3,-10.7167,300.32,3.3
100,Margate,8,GB,1619124680,71,51.3813,1.3862,279.82,0.89
101,Byron Bay,0,AU,1619124622,62,-28.65,153.6167,284.15,3.6
102,Berlevåg,75,NO,1619124683,80,70.8578,29.0864,275.15,7.72
103,Saint George,1,US,1619124684,18,37.1041,-113.5841,297.59,1.54
104,Hithadhoo,45,MV,1619124444,73,-0.6,73.0833,301.28,3.38
105,Chokurdakh,99,RU,1619124687,98,70.6333,147.9167,253.66,2.81
106,Cidreira,1,BR,1619124688,72,-30.1811,-50.2056,294.08,6.97
107,Tuktoyaktuk,40,CA,1619124442,79,69.4541,-133.0374,261.15,4.12
108,Yellowknife,75,CA,1619124691,53,62.456,-114.3525,265.15,8.75
109,Kaoma,10,ZM,1619124692,63,-14.7833,24.8,291.16,2.46
110,Province of Mantua,32,IT,1619124694,79,45.1667,10.7833,286.48,0.89
111,Mastic Beach,75,US,1619124695,31,40.7668,-72.8521,282.04,10.29
112,Saint-Leu,90,RE,1619124696,83,-21.15,55.2833,298.15,8.75
113,Yura,0,PE,1619124698,30,-16.2522,-71.6797,293.15,5.66
114,Okhotsk,100,RU,1619124699,97,59.3833,143.3,271.3,2.54
115,Pozo Colorado,100,PY,1619124701,31,-23.4923,-58.7972,303.97,2.2
116,Saint-Philippe,90,RE,1619124548,83,-21.3585,55.7679,298.15,8.75
117,Tiksi,100,RU,1619124703,92,71.6872,128.8694,260.4,2.31
118,Wanaka,100,NZ,1619124705,90,-44.7,169.15,284.36,1.44
119,Cayenne,40,GF,1619124622,78,4.9333,-52.3333,301.15,6.17
120,Tarnogskiy Gorodok,99,RU,1619124707,90,60.4997,43.5761,278.87,3.23
121,Jacqueville,20,CI,1619124709,94,5.2052,-4.4146,299.15,3.09
122,Kapoeta,99,SS,1619124710,67,4.7717,33.5903,297.61,2.8
123,Ostrovnoy,100,RU,1619124712,93,68.0531,39.5131,274.15,4.09
124,Picos,94,BR,1619124713,85,-7.0769,-41.4669,297.94,0.28
125,Jieshi,1,CN,1619124714,85,22.8134,115.8257,296.18,0.73
126,Ryōtsu-minato,0,JP,1619124716,82,38.0833,138.4333,281.93,2.63
127,Nikolskoye,90,RU,1619124717,87,59.7035,30.7861,280.93,1.0
128,Anadyr,20,RU,1619124719,85,64.75,177.4833,261.15,4.0
129,Balkanabat,47,TM,1619124703,14,39.5108,54.3671,297.07,6.06
130,Tsiroanomandidy,88,MG,1619124721,87,-18.7667,46.0333,292.94,1.33
131,Nanortalik,65,GL,1619124570,70,60.1432,-45.2371,276.75,0.65
132,Imbituba,20,BR,1619124706,64,-28.24,-48.6703,296.15,3.6
133,Avera,1,US,1619124725,20,33.194,-82.5271,291.15,3.09
134,Fortuna,75,US,1619124727,87,40.5982,-124.1573,287.59,4.63
135,San Cristobal,20,VE,1619124728,51,7.7669,-72.225,305.15,5.66
136,Dekar,96,BW,1619124730,32,-21.5333,21.9333,290.6,2.44
137,Poptún,13,GT,1619124731,37,16.3311,-89.4169,303.65,3.35
138,Half Moon Bay,75,US,1619124565,93,37.4636,-122.4286,290.93,3.09
139,Kavaratti,97,IN,1619124734,69,10.5669,72.642,301.8,3.59
140,Casas Grandes,100,MX,1619124735,6,30.3667,-107.95,297.04,11.18
141,Ponta do Sol,87,PT,1619124555,89,32.6667,-17.1,291.48,2.24
142,Faanui,10,PF,1619124510,75,-16.4833,-151.75,300.32,7.36
143,Bereket,39,TM,1619124707,14,39.2446,55.5154,295.24,7.35
144,Baldeogarh,0,IN,1619124740,23,24.755,79.0681,299.92,3.47
145,Souillac,75,MU,1619124742,94,-20.5167,57.5167,298.15,3.09
146,Kutum,43,SD,1619124743,16,14.2,24.6667,299.66,4.42
147,Esim,100,GH,1619124744,82,4.8699,-2.2405,301.39,4.53
148,Nioro,15,GM,1619124746,38,13.35,-15.75,301.67,5.1
149,Rockhampton,100,AU,1619124499,82,-23.3833,150.5,292.15,1.54
150,Sorong,77,ID,1619124686,88,-0.8833,131.25,298.7,2.35
151,Jizan,0,SA,1619124750,65,17.3333,42.6667,302.15,2.06
152,New Norfolk,69,AU,1619124610,64,-42.7826,147.0587,283.71,1.34
153,Ahar,98,IR,1619124753,67,38.4774,47.0699,288.72,0.37
154,Murgab,4,TM,1619124754,47,37.4966,61.9714,288.15,3.09
155,Cherskiy,100,RU,1619124513,93,68.75,161.3,266.52,5.78
156,Abejorral,40,CO,1619124757,56,5.7893,-75.4273,296.15,4.12
157,Ascension,1,US,1619124759,43,30.2169,-90.9001,294.26,3.6
158,Iranshahr,0,IR,1619124760,13,27.2025,60.6848,302.15,3.09
159,Huarmey,6,PE,1619124609,74,-10.0681,-78.1522,295.79,5.0
160,Chapleau,40,CA,1619124763,39,47.8405,-83.4034,279.15,3.6
161,Syracuse,75,IT,1619124764,88,37.0881,15.2792,289.15,4.12
162,Maniitsoq,9,GL,1619124766,68,65.4167,-52.9,275.44,1.63
163,Rome,90,US,1619124483,48,43.2128,-75.4557,277.59,10.29
164,Mount Gambier,90,AU,1619124698,100,-37.8333,140.7667,283.15,3.09
165,Yulara,0,AU,1619124770,67,-25.2406,130.9889,286.15,3.09
166,San Patricio,90,US,1619124771,88,28.017,-97.5169,295.15,3.6
167,Luanda,75,AO,1619124473,89,-8.8368,13.2343,300.15,1.03
168,Ribeira Grande,40,PT,1619124612,72,38.5167,-28.7,288.15,14.92
169,Olafsvik,100,IS,1619124775,91,64.8945,-23.7142,278.84,8.76
170,Puerto Maldonado,81,PE,1619124776,79,-12.6,-69.1833,300.45,1.42
171,Flinders,0,AU,1619124778,59,-34.5833,150.8552,286.48,1.34
172,Punta de Piedra,48,VE,1619124779,28,7.6176,-71.4916,308.35,1.26
173,Sosnovo-Ozerskoye,100,RU,1619124781,40,52.5249,111.5418,270.53,3.36
174,General Roca,0,AR,1619124782,45,-39.0333,-67.5833,292.15,1.54
175,Sturgis,1,US,1619124783,29,41.7992,-85.4192,282.59,6.69
176,Mīzan Teferī,100,ET,1619124785,96,6.9833,35.5833,289.71,1.27
177,Clyde River,90,CA,1619124685,68,70.4692,-68.5914,266.15,4.12
178,Pathein,27,MM,1619124788,73,16.7833,94.7333,300.26,5.03
179,George Town,40,MY,1619124789,94,5.4112,100.3354,298.71,1.03
180,Vila Franca do Campo,40,PT,1619124602,72,37.7167,-25.4333,289.15,17.49
181,Salinópolis,100,BR,1619124736,87,-0.6136,-47.3561,298.2,2.7
182,Grand Gaube,100,MU,1619124793,87,-20.0064,57.6608,297.59,0.89
183,Lagoa,60,PT,1619124795,78,39.05,-27.9833,286.91,18.67
184,Tondano,20,ID,1619124796,94,1.3038,124.9112,297.15,0.51
185,Vigrestad,0,NO,1619124798,70,58.5667,5.7,278.15,7.72
186,Baoding,47,CN,1619124799,92,38.8511,115.4903,281.43,1.8
187,Oddur,100,SO,1619124801,70,4.1213,43.8894,298.61,1.84
188,Tsumeb,7,NA,1619124802,82,-19.2333,17.7167,284.15,4.92
189,Coaraci,75,BR,1619124804,89,-14.6408,-39.5511,299.15,3.09
190,Cotoca,20,BO,1619124805,70,-17.8167,-63.05,302.15,7.2
191,Ladybrand,66,ZA,1619124806,59,-29.1945,27.4574,284.11,1.16
192,Kalaiya,3,NP,1619124808,24,27.0327,85.0022,298.51,2.67
193,Bedford,6,GB,1619124732,70,52.1346,-0.4663,279.15,3.6
194,Qaanaaq,98,GL,1619124518,78,77.484,-69.3632,266.09,5.57
195,Tela,40,HN,1619124812,75,15.7833,-87.45,306.15,3.09
196,Kavieng,97,PG,1619124813,76,-2.5744,150.7967,300.34,3.41
197,Hastings,6,GB,1619124815,81,50.8552,0.5729,279.15,7.72
198,Cabo San Lucas,20,MX,1619124691,44,22.8909,-109.9124,302.15,5.66
199,Kargasok,20,RU,1619124817,91,59.0556,80.8572,266.66,1.92
200,Kununurra,40,AU,1619124754,60,-15.7667,128.7333,296.15,2.57
201,Bell Ville,100,AR,1619124820,92,-32.6259,-62.6887,293.71,1.98
202,Nueve de Julio,100,AR,1619124821,70,-35.4444,-60.8831,295.93,0.89
203,Atuona,59,PF,1619124823,76,-9.8,-139.0333,300.26,9.32
204,Kentville,95,CA,1619124824,75,45.0835,-64.4988,278.15,7.72
205,Bloemhof,53,ZA,1619124826,38,-27.6469,25.607,290.2,2.34
206,Khandyga,100,RU,1619124827,94,62.6667,135.6,260.97,1.14
207,Taman',6,RU,1619124582,87,45.2117,36.7161,280.15,3.0
208,Acaraú,13,BR,1619124830,80,-2.8856,-40.12,299.58,3.56
209,Río Gallegos,75,AR,1619124691,66,-51.6226,-69.2181,284.15,2.06
210,Arrondissement de Saint-Denis,0,FR,1619124832,46,48.9167,2.3333,285.93,3.6
211,Yeppoon,100,AU,1619124834,82,-23.1333,150.7333,292.15,1.54
212,Waddān,67,LY,1619124835,17,29.1614,16.139,298.14,10.47
213,Alpena,75,US,1619124837,27,45.0617,-83.4327,282.15,4.63
214,Labuhan,54,ID,1619124838,82,-6.8844,112.2051,297.13,2.98
215,Betūl,100,IN,1619124840,14,21.9153,77.8961,299.05,0.98
216,Werda,0,BW,1619124841,33,-25.2667,23.2833,292.03,1.84
217,Atar,0,MR,1619124842,11,20.5169,-13.0499,302.05,3.19
218,Katsuura,75,JP,1619124844,71,35.1333,140.3,283.71,6.69
219,Jiayuguan City,15,CN,1619124845,30,39.8167,98.3,283.18,4.38
220,Tasiilaq,75,GL,1619124847,59,65.6145,-37.6368,272.15,7.72
221,Saint Paul,1,US,1619124723,20,44.9444,-93.0933,291.15,7.72
222,Fairmont,100,US,1619124598,40,39.4851,-80.1426,281.48,1.79
223,Dunedin,100,NZ,1619124683,91,-45.8742,170.5036,285.93,1.79
224,Sitka,1,US,1619124852,37,57.0531,-135.33,284.15,2.57
225,Killybegs,0,IE,1619124853,54,54.6333,-8.45,284.15,4.12
226,Dingle,83,PH,1619124716,85,10.9995,122.6711,298.04,2.36
227,Mossamedes,41,AO,1619124856,82,-15.1961,12.1522,299.47,1.38
228,Samarai,85,PG,1619124857,79,-10.6167,150.6667,300.74,1.11
229,Alta Gracia,75,AR,1619124859,64,-31.6529,-64.4283,295.15,4.63
230,Temuco,0,CL,1619124860,63,-38.7333,-72.6,290.15,2.57
231,Barrow,1,US,1619124861,73,71.2906,-156.7887,266.15,3.09
232,Kloulklubed,40,PW,1619124642,94,7.0419,134.2556,297.15,1.9
233,Dawei,94,MM,1619124785,80,14.0833,98.2,299.15,0.9
234,Hirara,100,JP,1619124865,91,24.8,125.2833,296.01,13.21
235,Skjervøy,90,NO,1619124867,93,70.0311,20.9714,273.15,3.6
236,Olinda,20,BR,1619124868,69,-8.0089,-34.8553,300.15,2.57
237,Karaidel',100,RU,1619124870,97,55.8337,56.9069,275.17,3.33
238,Bačko Petrovo Selo,5,RS,1619124871,93,45.7081,20.0753,282.19,3.13
239,Maragogi,13,BR,1619124795,82,-9.0122,-35.2225,299.35,3.72
240,Shellbrook,75,CA,1619124874,38,53.2168,-106.4011,275.15,9.26
241,Santiago del Estero,100,AR,1619124875,92,-27.7951,-64.2615,292.66,2.17
242,Tuatapere,99,NZ,1619124609,97,-46.1333,167.6833,280.93,0.89
243,Kaitangata,100,NZ,1619124878,92,-46.2817,169.8464,287.04,2.68
244,Darhan,100,MN,1619124879,84,49.4867,105.9228,270.25,4.85
245,Ulladulla,0,AU,1619124881,66,-35.35,150.4667,283.71,4.63
246,Ambilobe,92,MG,1619124857,87,-13.2,49.05,296.36,1.73
247,Pontian Kecil,20,MY,1619124883,94,1.4801,103.3899,298.71,1.54
248,Porto Velho,40,BR,1619124885,66,-8.7619,-63.9039,304.15,0.51
249,Iqaluit,90,CA,1619124887,79,63.7506,-68.5145,267.15,1.54
250,Arica,20,CL,1619124888,60,-18.475,-70.3042,295.15,5.66
251,Teguise,20,ES,1619124889,68,29.0605,-13.564,294.15,2.57
252,Madingou,85,CG,1619124891,95,-4.1536,13.55,296.74,1.22
253,Issaquah,90,US,1619124663,58,47.5301,-122.0326,288.15,3.09
254,Saint-Joseph,90,RE,1619124894,83,-21.3667,55.6167,298.15,8.75
255,Yar-Sale,100,RU,1619124663,87,66.8333,70.8333,274.92,8.05
256,Aripuanã,68,BR,1619124896,94,-9.1667,-60.6333,298.97,0.22
257,Nome,1,US,1619124855,49,64.5011,-165.4064,279.15,3.09
258,Pawai,73,IN,1619124899,18,24.2667,80.1667,300.28,1.62
259,Palora,75,EC,1619124900,57,-1.7,-77.9333,300.15,0.64
260,Westport,99,US,1619124769,39,41.1415,-73.3579,281.48,0.45
261,Sangar,80,RU,1619124904,96,63.9242,127.4739,258.09,2.1
262,Lebu,81,CL,1619124701,63,-37.6167,-73.65,286.39,2.31
263,Luleå,90,SE,1619124907,69,65.5842,22.1547,275.15,7.2
264,Huaicheng,0,CN,1619124908,94,23.9051,112.1931,295.16,0.54
265,San Julián,79,MX,1619124910,50,21.0167,-102.1667,304.82,6.86
266,Carnarvon,40,AU,1619124911,77,-24.8667,113.6333,293.15,4.12
267,Ellisras,16,ZA,1619124912,45,-23.6649,27.7443,289.13,1.84
268,Hegra,75,NO,1619124914,93,63.4644,11.114,275.93,8.75
269,Kaka,62,TM,1619124915,20,37.3482,59.6143,290.13,3.41
270,Biak,100,ID,1619124917,84,-0.9131,122.8766,297.65,2.31
271,Xushan,83,CN,1619124918,88,30.1764,121.2457,292.59,2.0
272,Den Helder,20,NL,1619124788,81,52.9599,4.7593,278.71,2.06
273,Padilla,40,CO,1619124921,55,3.2204,-76.3139,304.15,4.12
274,Charcas,88,MX,1619124922,8,23.1333,-101.1167,301.95,6.93
275,Ntchisi,2,MW,1619124923,94,-13.5278,33.9149,286.67,1.39
276,Krasnopillya,61,UA,1619124925,77,50.7746,35.2597,282.34,3.86
277,Acoyapa,40,NI,1619124926,46,11.9703,-85.1711,306.15,3.09
278,Marzuq,1,YE,1619124646,47,14.4,46.4667,294.51,2.12
279,Namatanai,96,PG,1619124929,80,-3.6667,152.4333,299.83,0.87
280,Ilulissat,100,GL,1619124930,69,69.2167,-51.1,272.15,2.57
281,Hobyo,68,SO,1619124932,72,5.3505,48.5268,301.84,5.67
282,Anderson,6,US,1619124933,25,34.5334,-82.6499,290.93,0.45
283,Riyadh,0,SA,1619124844,15,24.6877,46.7219,304.15,2.06
284,Pueblo Nuevo,88,MX,1619124936,11,23.3833,-105.3833,296.86,3.97
285,Kinablangan,99,PH,1619124938,81,7.6947,126.5503,298.36,1.7
286,Ahipara,98,NZ,1619124939,81,-35.1667,173.1667,290.66,2.95
287,Skibbereen,40,IE,1619124940,87,51.55,-9.2667,280.15,5.14
288,Alice Springs,0,AU,1619124839,70,-23.7,133.8833,280.15,2.06
289,Sisimiut,70,GL,1619124943,74,66.9395,-53.6735,273.69,2.23
290,Punto Fijo,3,VE,1619124944,62,11.6956,-70.1996,301.43,13.42
291,Jiazi,3,CN,1619124946,86,22.8779,116.067,295.79,0.87
292,Oranjemund,0,NA,1619124656,87,-28.55,16.4333,288.8,1.5
293,Dubbo,0,AU,1619124949,93,-32.25,148.6167,273.15,2.57
294,Kieta,99,PG,1619124950,84,-6.2167,155.6333,299.16,2.97
295,Miraflores,40,MX,1619124951,16,19.2167,-98.8083,300.15,3.6
296,Rancho Palos Verdes,90,US,1619124953,72,33.7445,-118.387,290.93,6.17
297,Qaqortoq,75,GL,1619124954,26,60.7167,-46.0333,285.15,7.2
298,Tripoli,13,LY,1619124801,38,32.8752,13.1875,298.27,7.68
299,Moose Factory,90,CA,1619124957,52,51.2585,-80.6094,277.15,2.57
300,San Quintín,36,MX,1619124958,61,30.4833,-115.95,290.25,7.29
301,Bethel,75,US,1619124960,31,41.3712,-73.414,281.48,7.72
302,Morón,100,AR,1619124961,75,-34.6534,-58.6198,297.59,2.99
303,Tessalit,1,ML,1619124962,6,20.1986,1.0114,303.32,3.68
304,Guerrero Negro,3,MX,1619124964,52,27.9769,-114.0611,291.95,8.25
305,Qena,0,EG,1619124965,26,26.1615,32.7183,303.15,2.06
306,Newport,0,GB,1619124967,46,51.5877,-2.9984,284.15,4.63
307,Santa Cruz de la Sierra,20,BO,1619124895,70,-17.8,-63.1667,302.15,7.2
308,Trincomalee,79,LK,1619124969,82,8.5711,81.2335,300.15,4.28
309,Yerbogachën,100,RU,1619124971,93,61.2767,108.0108,269.55,5.65
310,Nantucket,75,US,1619124972,45,41.2835,-70.0995,280.15,12.86
311,Khatanga,99,RU,1619124974,96,71.9667,102.5,267.31,1.61
312,Sibu,92,MY,1619124975,98,2.3,111.8167,296.0,0.6
313,City of San Pedro,75,PH,1619124977,78,14.35,121.0167,301.15,2.57
314,Lüderitz,1,NA,1619124978,73,-26.6481,15.1594,291.4,2.29
315,Coracora,17,PE,1619124980,63,-15.0333,-73.7833,286.57,5.06
316,Grasse,0,FR,1619124981,76,43.6667,6.9167,284.15,1.54
317,Khiv,100,RU,1619124982,93,41.7543,47.9306,283.39,0.82
318,Buala,86,SB,1619124984,79,-8.145,159.5921,300.76,2.73
319,Augusto Corrêa,100,BR,1619124985,93,-1.0217,-46.635,297.22,0.89
320,Puerto Nariño,40,CO,1619124987,66,-3.7703,-70.3831,305.15,2.06
321,Altamont,1,US,1619124988,24,42.2068,-121.7372,292.04,3.6
322,Dhoraji,95,IN,1619124990,67,21.7333,70.45,299.55,3.28
323,Ivdel',100,RU,1619124991,83,60.6911,60.4206,278.82,2.4
324,Shingū,98,JP,1619124992,67,33.7333,135.9833,285.73,4.04
325,Gambo,86,CF,1619124994,94,4.6482,22.2633,294.73,1.42
326,Rawson,7,AR,1619124995,45,-43.3002,-65.1023,289.15,2.25
327,Nishihara,90,JP,1619124997,94,26.1842,127.7558,295.15,9.77
328,Hamilton,75,US,1619124960,32,39.1834,-84.5333,284.26,6.17
329,Dosso,72,NE,1619125000,13,13.049,3.1937,307.48,4.05
330,Nouakchott,54,MR,1619124773,77,18.0858,-15.9785,293.15,9.26
331,Salalah,0,OM,1619124753,69,17.0151,54.0924,301.15,2.06
332,Karratha,0,AU,1619124942,27,-20.7377,116.8463,297.13,4.98
333,Hambantota,16,LK,1619125005,84,6.1241,81.1185,299.43,5.37
334,Mumford,88,GH,1619125006,84,5.2618,-0.759,301.39,5.45
335,Bonthe,49,SL,1619124970,80,7.5264,-12.505,300.81,3.65
336,Abu Samrah,0,SY,1619125009,42,35.3029,37.1841,287.63,2.33
337,Naze,100,JP,1619124822,71,28.3667,129.4833,292.57,9.83
338,Khovd,100,MN,1619124932,30,48.0056,91.6419,273.44,2.19
339,Puerto del Rosario,20,ES,1619125013,64,28.5004,-13.8627,294.15,4.63
340,Norman Wells,75,CA,1619125014,54,65.282,-126.8329,270.15,8.75
341,Yangi Marg`ilon,0,UZ,1619124718,70,40.4272,71.7189,283.15,1.39
342,Champerico,40,GT,1619125017,66,14.3,-91.9167,306.15,7.2
343,San Miguel,0,SV,1619125018,30,13.4833,-88.1833,311.15,1.54
344,Bela,0,IN,1619125020,27,25.9333,81.9833,298.7,3.44
345,Cap Malheureux,100,MU,1619124999,87,-19.9842,57.6142,297.59,0.45
346,Fare,2,PF,1619125022,74,-16.7,-151.0167,300.23,6.82
347,Tricase,75,IT,1619125024,100,39.9304,18.3553,287.59,4.12
348,Sept-Îles,90,CA,1619125025,100,50.2001,-66.3821,278.71,2.57
349,Irecê,97,BR,1619124963,64,-11.3042,-41.8558,298.35,2.78
350,Tongchuanshi,100,CN,1619125028,85,35.0806,109.0897,286.62,3.33
351,Abatskiy,41,RU,1619125029,55,56.2875,70.4555,274.66,5.61
352,Portland,75,US,1619124940,58,45.5234,-122.6762,290.37,3.6
353,Ust'-Barguzin,96,RU,1619125032,88,53.45,108.9833,265.52,1.16
354,Alta Floresta,75,BR,1619125033,83,-9.8756,-56.0861,300.15,5.14
355,Chunhuhub,2,MX,1619125035,26,19.55,-88.6833,308.51,2.77
356,Ortona,75,IT,1619125036,82,42.3496,14.4039,285.37,1.54
357,Aklavik,40,CA,1619125038,63,68.2191,-135.0107,269.15,2.06
358,Alofi,75,NU,1619125039,89,-19.0595,-169.9187,300.15,4.12
359,Mnogovershinnyy,100,RU,1619125040,99,53.9353,139.9242,273.47,1.77
360,Pasni,0,PK,1619125042,66,25.2631,63.471,300.95,4.94
361,Lompoc,25,US,1619125043,71,34.6391,-120.4579,286.15,6.17
362,Lata,20,PT,1619125045,88,40.1629,-8.3327,288.71,2.57
363,Waipawa,75,NZ,1619125046,77,-41.4122,175.5153,289.26,8.23
364,Kiama,0,AU,1619125007,68,-34.6833,150.8667,286.48,2.24
365,Kahului,40,US,1619124792,57,20.8947,-156.47,301.15,7.2
366,Mattru,96,SL,1619125050,90,7.6244,-11.8332,298.95,1.56
367,Bani Walid,67,LY,1619125051,24,31.7566,13.9942,298.2,9.43
368,Laas,75,IT,1619124762,45,46.6166,10.7002,290.15,1.54
369,Fairbanks,1,US,1619124851,31,64.8378,-147.7164,283.71,5.66
370,Viedma,55,AR,1619125055,48,-40.8135,-62.9967,291.86,1.14
371,Wakkanai,0,JP,1619125057,83,45.4094,141.6739,276.0,1.58
372,Sindor,100,RU,1619125058,86,62.8629,51.8905,277.54,4.67
373,Zhaoyang,100,CN,1619125060,67,42.682,126.0305,284.7,2.65
374,Codrington,100,AU,1619124950,74,-38.2667,141.9667,285.6,4.44
375,Dwārka,32,IN,1619125063,79,22.2394,68.9678,300.03,5.18
376,Palmer,75,US,1619125064,29,42.1584,-72.3287,281.15,8.75
377,Northam,0,GB,1619125065,71,51.0333,-4.2167,281.48,4.47
378,Chapada dos Guimarães,20,BR,1619125067,43,-15.4606,-55.7497,305.15,1.54
379,Auki,92,SB,1619125053,77,-8.7676,160.7034,300.24,1.49
380,Makakilo City,40,US,1619125069,61,21.3469,-158.0858,301.15,5.66
381,Port Lincoln,100,AU,1619125014,72,-34.7333,135.8667,288.58,3.66
382,Torrington,92,US,1619125072,47,41.8007,-73.1212,279.82,6.71
383,Sistranda,75,NO,1619125073,87,63.7256,8.834,275.15,11.32
384,Zheleznodorozhnyy,0,RU,1619125075,93,55.7503,38.0042,283.15,3.0
385,Mount Isa,36,AU,1619124854,34,-20.7333,139.5,291.15,4.12
386,Richards Bay,84,ZA,1619125078,91,-28.783,32.0377,293.04,2.74
387,Redmond,98,US,1619124818,66,47.674,-122.1215,288.71,2.22
388,Saint-Paul,90,RE,1619125080,78,-21.0096,55.2707,297.15,6.17
389,Tigil',100,RU,1619125082,98,57.8,158.6667,273.85,1.54
390,Camacha,20,PT,1619125083,83,33.0833,-16.3333,293.15,1.54
391,Piopio,100,NZ,1619125085,71,-38.4667,175.0167,287.59,0.45
392,Miles City,1,US,1619125086,20,46.4083,-105.8406,289.15,4.63
393,Inírida,34,CO,1619125087,59,3.8653,-67.9239,304.87,0.57
394,Newcastle,0,AU,1619125040,66,-32.9272,151.7765,284.26,5.66
395,Hong Kong,0,HK,1619125070,83,22.2855,114.1577,298.15,2.94
396,Estelle,40,US,1619125091,48,29.8458,-90.1067,293.15,6.69
397,Tamandaré,14,BR,1619125093,81,-8.7597,-35.1047,299.5,3.46
398,Santo Antônio do Sudoeste,67,BR,1619125094,57,-26.0736,-53.7253,293.57,1.39
399,Aginskoye,100,RU,1619125096,44,51.1,114.53,272.87,4.66
400,Los Llanos de Aridane,90,ES,1619124854,68,28.6585,-17.9182,294.15,2.06
401,Husavik,0,IS,1619125034,81,66.0449,-17.3389,278.15,4.12
402,Plettenberg Bay,0,ZA,1619124968,82,-34.0527,23.3716,291.86,3.63
403,Moissac,0,FR,1619125101,54,44.1024,1.0945,288.15,1.54
404,Marfino,0,RU,1619125102,71,55.7028,37.3822,283.15,3.0
405,Tezu,73,IN,1619125059,73,27.9167,96.1667,294.46,1.85
406,Winnemucca,1,US,1619125105,13,40.973,-117.7357,290.15,4.69
407,Chapais,75,CA,1619125106,47,49.7834,-74.8492,273.15,5.14
408,Karachi,0,PK,1619125108,78,24.9056,67.0822,301.15,5.14
409,Sabang,96,ID,1619125109,74,5.8933,95.3214,301.32,6.62
410,Peace River,20,CA,1619124902,32,56.2501,-117.286,273.15,4.12
411,Taber,100,CA,1619125112,93,49.8167,-112.1518,272.15,8.23
412,Saldanha,0,ZA,1619125113,88,-33.0117,17.9442,287.15,0.51
413,Salta,40,AR,1619124882,64,-24.7859,-65.4117,295.15,4.12
414,Guasdualito,47,VE,1619125116,45,7.2424,-70.7324,305.15,2.06
415,Leningradskiy,86,RU,1619125118,72,69.3833,178.4167,273.16,1.55
416,Fairlie,100,GB,1619125119,81,55.756,-4.8556,280.15,3.6
417,Polunochnoye,100,RU,1619125121,82,60.8697,60.4153,278.07,2.27
418,Necochea,100,AR,1619124881,80,-38.5473,-58.7368,290.37,0.89
419,Mehamn,75,NO,1619125078,64,71.0357,27.8492,275.15,4.12
420,North Platte,90,US,1619125125,40,41.1239,-100.7654,285.15,10.29
421,La Crosse,75,US,1619124827,22,43.8014,-91.2396,290.37,3.09
422,Beloha,48,MG,1619125127,78,-25.1667,45.05,294.79,7.39
423,Novy Urengoy,100,RU,1619125129,86,66.0833,76.6333,271.4,7.25
424,Fethiye,0,TR,1619125130,82,36.6217,29.1164,285.15,1.54
425,Sobolevo,78,RU,1619125132,92,54.4299,31.8996,280.36,2.89
426,Gōtsuchō,100,JP,1619125133,54,35.0,132.2167,287.09,3.19
427,Kendari,82,ID,1619125135,95,-3.945,122.4989,296.28,1.56
428,Kruisfontein,6,ZA,1619124948,81,-34.0033,24.7314,292.59,2.24
429,San Policarpo,100,PH,1619125137,89,12.1791,125.5072,297.9,2.32
430,Atasū,32,KZ,1619125131,45,48.6814,71.6433,273.17,5.06
431,Haines Junction,0,CA,1619125140,31,60.7522,-137.5108,279.15,2.06
432,Leshan,100,CN,1619125142,85,29.5623,103.7639,292.86,1.04
433,Barcelona,20,ES,1619125003,82,41.3888,2.159,287.04,0.74
434,Jijiga,85,ET,1619125144,80,9.35,42.8,290.74,2.86
435,Santiago,40,CL,1619125123,43,-33.4569,-70.6483,295.15,3.09
436,Aykino,98,RU,1619125147,86,62.2248,49.9922,277.69,5.06
437,Vila Velha,75,BR,1619125065,73,-20.3297,-40.2925,300.93,4.12
438,Kiryat Gat,0,IL,1619124964,68,31.61,34.7642,290.93,2.35
439,Bubaque,51,GW,1619125151,67,11.2833,-15.8333,299.2,8.02
440,Barra de Tecoanapa,21,MX,1619125152,47,16.5167,-98.75,304.21,5.51
441,Vestmanna,75,FO,1619125091,81,62.1564,-7.1664,279.15,1.03
442,Lakes Entrance,86,AU,1619125155,79,-37.8811,147.981,284.82,6.01
443,Panabá,94,MX,1619125156,52,21.2833,-88.2667,304.58,5.64
444,Erenhot,1,CN,1619125158,65,43.6475,111.9767,285.2,4.83
445,Ayagoz,12,KZ,1619125159,65,47.9714,80.4392,269.2,4.77
446,Muros,77,ES,1619125161,86,42.7762,-9.0603,286.48,2.6
447,Ancud,90,CL,1619125162,100,-41.8697,-73.8203,284.82,1.54
448,Preobrazheniye,94,RU,1619125164,49,42.9019,133.9064,279.63,1.26
449,Nuuk,0,GL,1619125165,60,64.1835,-51.7216,277.15,2.06
450,Iseyin,100,NG,1619125166,77,7.9667,3.6,299.19,3.91
451,Mandurah,99,AU,1619124870,67,-32.55,115.7,292.04,2.06
452,Rovenki,100,UA,1619125169,78,48.0833,39.3776,282.61,2.07
453,Nogliki,77,RU,1619125170,72,51.8333,143.1667,276.73,5.48
454,Talnakh,100,RU,1619124938,94,69.4865,88.3972,272.44,5.9
455,Itoman,75,JP,1619125089,94,26.1247,127.6694,295.15,7.72
456,Hofn,75,IS,1619125174,70,64.2539,-15.2082,279.15,2.06
457,Moen,75,NO,1619125176,93,69.1304,18.6123,272.15,1.03
458,Berezovyy,100,RU,1619125177,66,51.6667,135.7,283.55,2.25
459,Sydney,0,AU,1619124887,62,-33.8679,151.2073,284.15,3.09
460,Nanyang,31,CN,1619125180,93,32.9947,112.5328,285.37,2.98
461,Iracoubo,100,GF,1619125181,88,5.4802,-53.2011,298.72,6.03
462,Bairiki Village,75,KI,1619125093,78,1.3292,172.9752,301.15,2.57
463,Steamboat Springs,90,US,1619125015,49,40.485,-106.8317,281.48,5.66
464,São Luís,75,BR,1619125027,94,-2.5297,-44.3028,299.15,3.09
465,Padang,99,ID,1619125186,86,-0.9492,100.3543,297.84,1.34
466,Sioux Lookout,20,CA,1619125188,22,50.1001,-91.917,290.15,4.63
467,Walvis Bay,3,NA,1619125189,68,-22.9575,14.5053,293.15,2.06
468,Atherton,16,GB,1619125191,40,53.5237,-2.4935,284.26,1.51
469,Scarborough,72,GB,1619125192,86,54.2797,-0.4044,281.48,2.7
470,Gananoque,100,CA,1619125193,39,44.3334,-76.1661,279.26,3.13
471,Te Anau,88,NZ,1619124977,87,-45.4167,167.7167,282.42,2.15
472,Pisco,0,PE,1619125196,78,-13.7,-76.2167,294.15,5.14
473,Xifeng,100,CN,1619125198,85,42.7372,124.7222,284.39,2.08
474,Corrientes,0,AR,1619125017,78,-27.4806,-58.8341,295.15,4.12
475,Province of Trapani,20,IT,1619125200,100,37.8333,12.6667,289.15,2.06
476,Port Blair,40,IN,1619124997,88,11.6667,92.75,298.15,2.89
477,Arman',100,RU,1619125205,96,59.7,150.1667,271.95,1.79
478,Sørland,40,NO,1619125208,93,67.667,12.6934,273.15,0.51
479,La Quinta,1,US,1619125085,22,33.6634,-116.31,300.93,4.12
480,Jacksonville,20,US,1619125071,48,30.3322,-81.6556,293.71,3.6
481,Kumul,98,CN,1619125212,32,42.8,93.45,280.69,5.22
482,Maltahöhe,97,NA,1619125214,30,-24.8333,16.9833,293.96,1.13
483,Mildura,90,AU,1619125069,71,-34.2,142.15,286.15,3.77
484,Feleacu,75,RO,1619125216,81,46.7167,23.6167,283.15,1.58
485,Dourbali,70,TD,1619125218,26,11.8091,15.8632,306.44,2.21
486,Mayo,75,US,1619124989,30,38.8876,-76.5119,284.82,7.72
487,Isangel,28,VU,1619125006,82,-19.55,169.2667,299.49,4.02
488,Victor Harbor,83,AU,1619124938,91,-35.5667,138.6167,285.93,3.87
489,Aswān,57,EG,1619125223,16,24.0934,32.907,304.75,4.18
490,‘Āhuimanu,40,US,1619125224,65,21.4447,-157.8378,301.15,4.12
491,Harper,80,LR,1619125226,81,4.375,-7.7169,300.59,3.43
492,Kiruna,42,SE,1619125227,68,67.8557,20.2251,269.15,3.6
493,Stolbovaya,0,RU,1619125229,71,55.2528,37.4853,283.15,2.0
494,Iquique,40,CL,1619125230,64,-20.2208,-70.1431,294.15,5.66
495,Bara,52,NG,1619125232,33,10.3744,10.7288,305.9,3.42
496,Tabuk,95,PH,1619125233,90,17.4189,121.4443,294.37,1.13
497,Qandala,1,SO,1619125235,65,11.472,49.8728,302.82,4.28
498,Batagay,100,RU,1619125236,94,67.6333,134.6333,259.78,1.13
499,Prainha,87,BR,1619125238,88,-1.8,-53.48,299.2,1.97
500,Honningsvåg,75,NO,1619125018,93,70.9821,25.9704,273.15,2.57
501,Tilichiki,82,RU,1619125027,84,60.4667,166.1,267.92,1.73
502,Włodawa,7,PL,1619125178,77,51.55,23.55,276.48,3.31
503,Kamra,41,PK,1619125243,64,33.7473,73.5111,289.26,1.34
504,Turukhansk,100,RU,1619125244,95,65.8167,87.9833,270.86,5.24
505,Koungou,0,YT,1619125246,78,-12.7336,45.2042,301.15,4.12
506,Jayanca,0,PE,1619125248,60,-6.3908,-79.8219,301.48,10.8
507,Rørvik,40,NO,1619125249,80,64.8621,11.2373,275.15,3.6
508,Paine,81,CL,1619125251,55,-33.8167,-70.75,295.15,4.12
509,Andria,40,IT,1619125252,94,41.2306,16.2909,287.04,2.06
510,Okha,100,RU,1619125254,87,53.5739,142.9478,275.16,6.29
511,Baijiantan,100,CN,1619125256,33,45.6333,85.1833,278.84,10.0
512,Chu,0,KZ,1619125257,50,43.5983,73.7614,277.59,4.47
513,Wattegama,19,LK,1619125259,91,6.7989,81.4808,297.14,1.21
514,Narsaq,75,GL,1619124974,26,60.9167,-46.05,285.15,7.2
515,Igrim,97,RU,1619125262,79,63.1906,64.4162,279.19,4.6
516,Ocós,20,GT,1619125263,58,14.5094,-92.1933,306.15,5.14
517,Natal,75,BR,1619125154,78,-5.795,-35.2094,301.15,5.14
518,Freeport,75,US,1619125255,31,40.6576,-73.5832,282.15,6.69
519,Aksha,100,RU,1619125267,38,50.2814,113.2867,273.93,4.97
520,Hienghène,42,NC,1619125269,86,-20.6833,164.9333,297.13,2.11
521,Innisfail,100,AU,1619125270,96,-17.5333,146.0333,295.37,2.83
522,Puerto Carreño,59,CO,1619125272,33,6.189,-67.4859,308.98,0.76
523,Ngaoundéré,100,CM,1619125273,90,7.3167,13.5833,292.0,0.98
524,Ahmedabad,0,IN,1619125274,35,23.0333,72.6167,304.15,3.6
525,Ruska Poliana,15,UA,1619125276,78,49.417,31.9201,282.52,5.21
526,Christchurch,84,NZ,1619125206,87,-43.5333,172.6333,289.26,2.06
527,Buin,40,CL,1619125279,43,-33.7333,-70.75,295.15,3.09
528,Staroshcherbinovskaya,62,RU,1619125280,81,46.6311,38.6742,281.91,2.18
529,Fort-Shevchenko,100,KZ,1619125281,79,44.5086,50.263,286.35,4.7
530,Whitehorse,1,CA,1619125283,26,60.7161,-135.0538,279.82,3.09
531,Iturama,0,BR,1619125284,34,-19.7281,-50.1956,297.16,1.04
532,Fevik,81,NO,1619125286,33,58.3794,8.6766,280.37,5.14
533,Abhā,0,SA,1619125287,45,18.2164,42.5053,292.15,1.54
534,Peniche,100,PT,1619125006,82,39.3558,-9.3811,288.71,2.86
535,Araouane,31,ML,1619125022,10,18.9048,-3.5265,305.51,2.82
536,Coquimbo,40,CL,1619125291,82,-29.9533,-71.3436,289.15,6.17
537,Bucerías,75,MX,1619124998,74,20.75,-105.3333,300.15,6.69
538,Seybaplaya,40,MX,1619125294,70,19.65,-90.6667,304.15,4.12
539,Vostok,100,RU,1619125295,52,46.4856,135.8833,280.74,1.88
540,Ulaanbaatar,40,MN,1619125116,69,47.9077,106.8832,271.15,4.0
541,San Francisco,90,US,1619125049,67,37.7749,-122.4194,287.15,8.75
542,San Jose,20,US,1619125103,45,37.3394,-121.895,295.37,1.54
543,Lebedyn,61,UA,1619125300,79,50.5852,34.4849,281.89,3.77
544,Ciudad Bolivar,97,VE,1619125302,45,8.1222,-63.5497,304.53,5.22
545,Puro,99,PH,1619125303,81,12.4841,123.3827,300.12,6.17
546,Anda,100,CN,1619125305,80,46.4,125.3167,284.41,4.38
547,Dauphin,1,CA,1619125281,24,51.1494,-100.0502,291.15,8.75
548,Jos,99,NG,1619125307,42,9.9167,8.9,299.54,2.87
549,Oriximiná,100,BR,1619125309,85,-1.7656,-55.8661,299.89,0.51
550,Mirebalais,75,HT,1619125310,54,18.8333,-72.1053,303.15,5.66
551,Kantang,100,TH,1619125312,92,7.4054,99.5156,297.43,0.51
552,Trat,94,TH,1619125313,99,12.5,102.5,300.93,0.87
553,Lebrija,0,ES,1619125315,88,36.9208,-6.0753,290.15,1.54
554,Hohhot,0,CN,1619125316,76,40.8106,111.6522,282.15,1.0
555,Alyangula,90,AU,1619125318,94,-13.8483,136.4192,297.15,7.49
556,Shakawe,0,BW,1619125319,44,-18.3667,21.85,290.53,2.61
557,Pinyug,33,RU,1619125320,95,60.251,47.7842,276.09,3.36
558,Amahai,80,ID,1619125322,85,-3.3333,128.9167,299.04,1.04
559,Krasnyy Chikoy,100,RU,1619125323,93,50.3643,108.7512,272.13,1.8
560,Aquidauana,0,BR,1619125325,27,-20.4711,-55.7872,303.84,1.74
561,Alekseyevsk,32,RU,1619125326,96,57.8406,108.3492,263.89,1.81
562,Patiya,2,BD,1619125328,92,22.2931,91.9762,296.48,1.2
563,Nhulunbuy,98,AU,1619125047,78,-12.2333,136.7667,300.15,6.17
564,Juba,81,SS,1619125330,67,4.8517,31.5825,297.32,2.62
565,San Andrés,20,CO,1619125105,62,12.5847,-81.7006,304.15,7.72
566,Taltal,27,CL,1619125333,75,-25.4,-70.4833,291.48,2.78
567,Bonnyville,40,CA,1619125334,37,54.2668,-110.735,272.15,4.63
568,Toyooka,100,JP,1619125336,76,35.5333,134.8333,283.01,0.54
569,Pacific Grove,90,US,1619125322,67,36.6177,-121.9166,287.59,6.69
570,Nemuro,100,JP,1619125338,88,43.3236,145.575,274.99,7.29
571,Bandrele,0,YT,1619125340,78,-12.9067,45.1914,301.15,4.12
572,Parkes,0,AU,1619125341,79,-33.1333,148.1833,279.26,1.17
573,El Tocuyo,31,VE,1619125160,35,9.7873,-69.7937,305.15,7.72
574,Geraldton,100,AU,1619125344,82,-28.7667,114.6,291.15,3.6
575,Borazjan,97,IR,1619125345,64,29.2666,51.2159,297.15,0.06
576,Ibiporã,20,BR,1619125314,44,-23.2692,-51.0481,299.15,2.57
577,Praia,20,CV,1619125348,73,14.9215,-23.5087,294.15,7.2
578,Abalak,93,RU,1619125349,57,58.1286,68.5944,276.1,4.86
579,Constitución,100,CL,1619125351,76,-35.3333,-72.4167,288.07,4.84
580,Nānākuli,40,US,1619125352,61,21.3906,-158.1547,300.15,5.66
581,Nāhan,83,IN,1619125353,67,30.55,77.3,289.78,4.39
582,Salym,6,RU,1619125355,73,60.0625,71.4789,272.68,4.26
583,Visaginas,39,LT,1619125356,70,55.6,26.4167,275.5,5.05
584,Tonj,99,SS,1619125358,65,7.2737,28.6822,299.75,1.08
585,Kalmunai,11,LK,1619125359,83,7.4167,81.8167,299.27,0.67
